{"epoch": 3, "train_loss": 0.27987092499256133, "train_acc": 0.9182, "val_loss": 0.3815039674282074, "val_acc": 0.8841, "_timestamp": 1739087858.690357, "_runtime": 9573.753547906876, "_step": 0}