{"epoch": 5, "train_loss": 0.2032704224920273, "train_acc": 0.94076, "val_loss": 0.380088708782196, "val_acc": 0.8877, "_timestamp": 1739107804.5729754, "_runtime": 19026.7547852993, "_step": 1}