{"epoch": 5, "train_loss": 0.16502912880824164, "train_acc": 0.9456324786324787, "val_loss": 0.2777146728038788, "val_acc": 0.9204615384615384, "_timestamp": 1737930331.0707443, "_runtime": 10666.10103225708, "_step": 3, "_wandb": {"runtime": 10665}}