{"epoch": 2, "train_loss": 0.2274203112411499, "train_acc": 0.93118, "val_loss": 0.3463144427776337, "val_acc": 0.8998, "_timestamp": 1738278483.9056892, "_runtime": 16447.036887168884, "_step": 1}