{"epoch": 4, "train_loss": 0.12838025582313536, "train_acc": 0.95938, "val_loss": 0.41448943104743957, "val_acc": 0.8942, "_timestamp": 1738302974.2233737, "_runtime": 18682.594057559967, "_step": 1}