{"epoch": 3, "train_loss": 0.3064661495304108, "train_acc": 0.90918, "val_loss": 0.4607307210922241, "val_acc": 0.8779, "_timestamp": 1738548099.7310092, "_runtime": 18950.03714632988, "_step": 2}