{"epoch": 1, "train_loss": 0.3636582442532238, "train_acc": 0.8985811965811966, "val_loss": 0.2932644909161788, "val_acc": 0.9168461538461539, "_timestamp": 1737840611.330026, "_runtime": 2543.906569957733, "_step": 0}