{"epoch": 4, "train_loss": 0.18485769566358665, "train_acc": 0.9405726495726495, "val_loss": 0.30245109813029947, "val_acc": 0.9170769230769231, "_timestamp": 1737848387.5897944, "_runtime": 10320.166338443756, "_step": 3, "_wandb": {"runtime": 10573}}