{"epoch": 2, "train_loss": 0.2343931699693203, "train_acc": 0.9265042735042736, "val_loss": 0.29381489616173967, "val_acc": 0.9171538461538462, "_timestamp": 1737854365.8263376, "_runtime": 5099.377856492996, "_step": 1}