{"epoch": 6, "train_loss": 0.11452230607509613, "train_acc": 0.97182, "val_loss": 0.3230948802471161, "val_acc": 0.9041, "_timestamp": 1738214965.4791021, "_runtime": 15392.860799074173, "_step": 5, "_wandb": {"runtime": 15392}}