{"epoch": 3, "train_loss": 0.26098204049110413, "train_acc": 0.9209, "val_loss": 0.4565337127685547, "val_acc": 0.8841, "_timestamp": 1738501208.6719391, "_runtime": 18476.028296232224, "_step": 2}